Query index,total_latency,throughput,avr_latency,median_latency,percentile_95,percentile_99
7,278.95059084892273,0.035848642476674,27895.059084892273,27286.577224731445,31251.81361436844,32067.95591592789
